<?xml version="1.0"?>
<!--
** DO NOT EDIT THIS FILE.
** If you make changes to this file while any VirtualBox related application
** is running, your changes will be overwritten later, without taking effect.
** Use VBoxManage or the VirtualBox Manager GUI to make changes.
-->
<VirtualBox xmlns="http://www.innotek.de/VirtualBox-settings" version="1.12-windows">
  <Global>
    <ExtraData>
      <ExtraDataItem name="GUI/DetailsPageBoxes" value="general,preview,system,display,storage,audio,network,usb,sharedFolders,description"/>
      <ExtraDataItem name="GUI/GroupDefinitions/" value="m=6215a64b-bc91-4704-b066-5610be0aa71c,m=1c9f07f8-0106-4d5f-a33e-4a9633925d5d"/>
      <ExtraDataItem name="GUI/HostScreenSaverDisabled" value="false"/>
      <ExtraDataItem name="GUI/Input/AutoCapture" value="true"/>
      <ExtraDataItem name="GUI/Input/HostKeyCombination" value="163"/>
      <ExtraDataItem name="GUI/LastItemSelected" value="m=Samsung Galaxy S3 - 4.2.2 - API 17 - 720x1280"/>
      <ExtraDataItem name="GUI/LastWindowPosition" value="512,78,770,550"/>
      <ExtraDataItem name="GUI/RecentFolderCD" value="C:/Users/tiendat/Downloads"/>
      <ExtraDataItem name="GUI/RecentListCD" value="C:\Users\tiendat\Downloads\ubuntu-14.04.2-desktop-i386.iso;C:\Users\tiendat\Downloads\ubuntu-14.04.2-desktop-amd64.iso;"/>
      <ExtraDataItem name="GUI/SplitterSizes" value="195,570"/>
      <ExtraDataItem name="GUI/UpdateCheckCount" value="7"/>
      <ExtraDataItem name="GUI/UpdateDate" value="1 d, 2015-03-31, stable, 4.3.26"/>
    </ExtraData>
    <MachineRegistry>
      <MachineEntry uuid="{6215a64b-bc91-4704-b066-5610be0aa71c}" src="C:\Users\tiendat\VirtualBox VMs\ubun\ubun.vbox"/>
      <MachineEntry uuid="{1c9f07f8-0106-4d5f-a33e-4a9633925d5d}" src="C:\Users\tiendat\AppData\Local\Genymobile\Genymotion/Genymobile/Genymotion/deployed/\Samsung Galaxy S3 - 4.2.2 - API 17 - 720x1280\Samsung Galaxy S3 - 4.2.2 - API 17 - 720x1280.vbox"/>
    </MachineRegistry>
    <MediaRegistry>
      <HardDisks/>
      <DVDImages/>
      <FloppyImages/>
    </MediaRegistry>
    <NetserviceRegistry>
      <DHCPServers>
        <DHCPServer networkName="HostInterfaceNetworking-VirtualBox Host-Only Ethernet Adapter" IPAddress="192.168.56.100" networkMask="255.255.255.0" lowerIP="192.168.56.101" upperIP="192.168.56.254" enabled="1"/>
      </DHCPServers>
    </NetserviceRegistry>
    <SystemProperties defaultMachineFolder="C:\Users\tiendat\VirtualBox VMs" defaultHardDiskFormat="VDI" VRDEAuthLibrary="VBoxAuth" webServiceAuthLibrary="VBoxAuth" LogHistoryCount="3" exclusiveHwVirt="false"/>
    <USBDeviceFilters/>
  </Global>
</VirtualBox>
